"K","theta","p","psi","nSamples","Index"
2,0.06,0.15,0.06,5,1
4,0.06,0.15,0.06,5,2
8,0.06,0.15,0.06,5,3
16,0.06,0.15,0.06,5,4
2,0.24,0.15,0.06,5,5
4,0.24,0.15,0.06,5,6
8,0.24,0.15,0.06,5,7
16,0.24,0.15,0.06,5,8
2,0.42,0.15,0.06,5,9
4,0.42,0.15,0.06,5,10
8,0.42,0.15,0.06,5,11
16,0.42,0.15,0.06,5,12
2,0.76,0.15,0.06,5,13
4,0.76,0.15,0.06,5,14
8,0.76,0.15,0.06,5,15
16,0.76,0.15,0.06,5,16
2,0.06,0.3,0.06,5,17
4,0.06,0.3,0.06,5,18
8,0.06,0.3,0.06,5,19
16,0.06,0.3,0.06,5,20
2,0.24,0.3,0.06,5,21
4,0.24,0.3,0.06,5,22
8,0.24,0.3,0.06,5,23
16,0.24,0.3,0.06,5,24
2,0.42,0.3,0.06,5,25
4,0.42,0.3,0.06,5,26
8,0.42,0.3,0.06,5,27
16,0.42,0.3,0.06,5,28
2,0.76,0.3,0.06,5,29
4,0.76,0.3,0.06,5,30
8,0.76,0.3,0.06,5,31
16,0.76,0.3,0.06,5,32
2,0.06,0.35,0.06,5,33
4,0.06,0.35,0.06,5,34
8,0.06,0.35,0.06,5,35
16,0.06,0.35,0.06,5,36
2,0.24,0.35,0.06,5,37
4,0.24,0.35,0.06,5,38
8,0.24,0.35,0.06,5,39
16,0.24,0.35,0.06,5,40
2,0.42,0.35,0.06,5,41
4,0.42,0.35,0.06,5,42
8,0.42,0.35,0.06,5,43
16,0.42,0.35,0.06,5,44
2,0.76,0.35,0.06,5,45
4,0.76,0.35,0.06,5,46
8,0.76,0.35,0.06,5,47
16,0.76,0.35,0.06,5,48
2,0.06,0.4,0.06,5,49
4,0.06,0.4,0.06,5,50
8,0.06,0.4,0.06,5,51
16,0.06,0.4,0.06,5,52
2,0.24,0.4,0.06,5,53
4,0.24,0.4,0.06,5,54
8,0.24,0.4,0.06,5,55
16,0.24,0.4,0.06,5,56
2,0.42,0.4,0.06,5,57
4,0.42,0.4,0.06,5,58
8,0.42,0.4,0.06,5,59
16,0.42,0.4,0.06,5,60
2,0.76,0.4,0.06,5,61
4,0.76,0.4,0.06,5,62
8,0.76,0.4,0.06,5,63
16,0.76,0.4,0.06,5,64
2,0.06,0.75,0.06,5,65
4,0.06,0.75,0.06,5,66
8,0.06,0.75,0.06,5,67
16,0.06,0.75,0.06,5,68
2,0.24,0.75,0.06,5,69
4,0.24,0.75,0.06,5,70
8,0.24,0.75,0.06,5,71
16,0.24,0.75,0.06,5,72
2,0.42,0.75,0.06,5,73
4,0.42,0.75,0.06,5,74
8,0.42,0.75,0.06,5,75
16,0.42,0.75,0.06,5,76
2,0.76,0.75,0.06,5,77
4,0.76,0.75,0.06,5,78
8,0.76,0.75,0.06,5,79
16,0.76,0.75,0.06,5,80
2,0.06,0.15,0.24,5,81
4,0.06,0.15,0.24,5,82
8,0.06,0.15,0.24,5,83
16,0.06,0.15,0.24,5,84
2,0.24,0.15,0.24,5,85
4,0.24,0.15,0.24,5,86
8,0.24,0.15,0.24,5,87
16,0.24,0.15,0.24,5,88
2,0.42,0.15,0.24,5,89
4,0.42,0.15,0.24,5,90
8,0.42,0.15,0.24,5,91
16,0.42,0.15,0.24,5,92
2,0.76,0.15,0.24,5,93
4,0.76,0.15,0.24,5,94
8,0.76,0.15,0.24,5,95
16,0.76,0.15,0.24,5,96
2,0.06,0.3,0.24,5,97
4,0.06,0.3,0.24,5,98
8,0.06,0.3,0.24,5,99
16,0.06,0.3,0.24,5,100
2,0.24,0.3,0.24,5,101
4,0.24,0.3,0.24,5,102
8,0.24,0.3,0.24,5,103
16,0.24,0.3,0.24,5,104
2,0.42,0.3,0.24,5,105
4,0.42,0.3,0.24,5,106
8,0.42,0.3,0.24,5,107
16,0.42,0.3,0.24,5,108
2,0.76,0.3,0.24,5,109
4,0.76,0.3,0.24,5,110
8,0.76,0.3,0.24,5,111
16,0.76,0.3,0.24,5,112
2,0.06,0.35,0.24,5,113
4,0.06,0.35,0.24,5,114
8,0.06,0.35,0.24,5,115
16,0.06,0.35,0.24,5,116
2,0.24,0.35,0.24,5,117
4,0.24,0.35,0.24,5,118
8,0.24,0.35,0.24,5,119
16,0.24,0.35,0.24,5,120
2,0.42,0.35,0.24,5,121
4,0.42,0.35,0.24,5,122
8,0.42,0.35,0.24,5,123
16,0.42,0.35,0.24,5,124
2,0.76,0.35,0.24,5,125
4,0.76,0.35,0.24,5,126
8,0.76,0.35,0.24,5,127
16,0.76,0.35,0.24,5,128
2,0.06,0.4,0.24,5,129
4,0.06,0.4,0.24,5,130
8,0.06,0.4,0.24,5,131
16,0.06,0.4,0.24,5,132
2,0.24,0.4,0.24,5,133
4,0.24,0.4,0.24,5,134
8,0.24,0.4,0.24,5,135
16,0.24,0.4,0.24,5,136
2,0.42,0.4,0.24,5,137
4,0.42,0.4,0.24,5,138
8,0.42,0.4,0.24,5,139
16,0.42,0.4,0.24,5,140
2,0.76,0.4,0.24,5,141
4,0.76,0.4,0.24,5,142
8,0.76,0.4,0.24,5,143
16,0.76,0.4,0.24,5,144
2,0.06,0.75,0.24,5,145
4,0.06,0.75,0.24,5,146
8,0.06,0.75,0.24,5,147
16,0.06,0.75,0.24,5,148
2,0.24,0.75,0.24,5,149
4,0.24,0.75,0.24,5,150
8,0.24,0.75,0.24,5,151
16,0.24,0.75,0.24,5,152
2,0.42,0.75,0.24,5,153
4,0.42,0.75,0.24,5,154
8,0.42,0.75,0.24,5,155
16,0.42,0.75,0.24,5,156
2,0.76,0.75,0.24,5,157
4,0.76,0.75,0.24,5,158
8,0.76,0.75,0.24,5,159
16,0.76,0.75,0.24,5,160
2,0.06,0.15,0.42,5,161
4,0.06,0.15,0.42,5,162
8,0.06,0.15,0.42,5,163
16,0.06,0.15,0.42,5,164
2,0.24,0.15,0.42,5,165
4,0.24,0.15,0.42,5,166
8,0.24,0.15,0.42,5,167
16,0.24,0.15,0.42,5,168
2,0.42,0.15,0.42,5,169
4,0.42,0.15,0.42,5,170
8,0.42,0.15,0.42,5,171
16,0.42,0.15,0.42,5,172
2,0.76,0.15,0.42,5,173
4,0.76,0.15,0.42,5,174
8,0.76,0.15,0.42,5,175
16,0.76,0.15,0.42,5,176
2,0.06,0.3,0.42,5,177
4,0.06,0.3,0.42,5,178
8,0.06,0.3,0.42,5,179
16,0.06,0.3,0.42,5,180
2,0.24,0.3,0.42,5,181
4,0.24,0.3,0.42,5,182
8,0.24,0.3,0.42,5,183
16,0.24,0.3,0.42,5,184
2,0.42,0.3,0.42,5,185
4,0.42,0.3,0.42,5,186
8,0.42,0.3,0.42,5,187
16,0.42,0.3,0.42,5,188
2,0.76,0.3,0.42,5,189
4,0.76,0.3,0.42,5,190
8,0.76,0.3,0.42,5,191
16,0.76,0.3,0.42,5,192
2,0.06,0.35,0.42,5,193
4,0.06,0.35,0.42,5,194
8,0.06,0.35,0.42,5,195
16,0.06,0.35,0.42,5,196
2,0.24,0.35,0.42,5,197
4,0.24,0.35,0.42,5,198
8,0.24,0.35,0.42,5,199
16,0.24,0.35,0.42,5,200
2,0.42,0.35,0.42,5,201
4,0.42,0.35,0.42,5,202
8,0.42,0.35,0.42,5,203
16,0.42,0.35,0.42,5,204
2,0.76,0.35,0.42,5,205
4,0.76,0.35,0.42,5,206
8,0.76,0.35,0.42,5,207
16,0.76,0.35,0.42,5,208
2,0.06,0.4,0.42,5,209
4,0.06,0.4,0.42,5,210
8,0.06,0.4,0.42,5,211
16,0.06,0.4,0.42,5,212
2,0.24,0.4,0.42,5,213
4,0.24,0.4,0.42,5,214
8,0.24,0.4,0.42,5,215
16,0.24,0.4,0.42,5,216
2,0.42,0.4,0.42,5,217
4,0.42,0.4,0.42,5,218
8,0.42,0.4,0.42,5,219
16,0.42,0.4,0.42,5,220
2,0.76,0.4,0.42,5,221
4,0.76,0.4,0.42,5,222
8,0.76,0.4,0.42,5,223
16,0.76,0.4,0.42,5,224
2,0.06,0.75,0.42,5,225
4,0.06,0.75,0.42,5,226
8,0.06,0.75,0.42,5,227
16,0.06,0.75,0.42,5,228
2,0.24,0.75,0.42,5,229
4,0.24,0.75,0.42,5,230
8,0.24,0.75,0.42,5,231
16,0.24,0.75,0.42,5,232
2,0.42,0.75,0.42,5,233
4,0.42,0.75,0.42,5,234
8,0.42,0.75,0.42,5,235
16,0.42,0.75,0.42,5,236
2,0.76,0.75,0.42,5,237
4,0.76,0.75,0.42,5,238
8,0.76,0.75,0.42,5,239
16,0.76,0.75,0.42,5,240
2,0.06,0.15,0.75,5,241
4,0.06,0.15,0.75,5,242
8,0.06,0.15,0.75,5,243
16,0.06,0.15,0.75,5,244
2,0.24,0.15,0.75,5,245
4,0.24,0.15,0.75,5,246
8,0.24,0.15,0.75,5,247
16,0.24,0.15,0.75,5,248
2,0.42,0.15,0.75,5,249
4,0.42,0.15,0.75,5,250
8,0.42,0.15,0.75,5,251
16,0.42,0.15,0.75,5,252
2,0.76,0.15,0.75,5,253
4,0.76,0.15,0.75,5,254
8,0.76,0.15,0.75,5,255
16,0.76,0.15,0.75,5,256
2,0.06,0.3,0.75,5,257
4,0.06,0.3,0.75,5,258
8,0.06,0.3,0.75,5,259
16,0.06,0.3,0.75,5,260
2,0.24,0.3,0.75,5,261
4,0.24,0.3,0.75,5,262
8,0.24,0.3,0.75,5,263
16,0.24,0.3,0.75,5,264
2,0.42,0.3,0.75,5,265
4,0.42,0.3,0.75,5,266
8,0.42,0.3,0.75,5,267
16,0.42,0.3,0.75,5,268
2,0.76,0.3,0.75,5,269
4,0.76,0.3,0.75,5,270
8,0.76,0.3,0.75,5,271
16,0.76,0.3,0.75,5,272
2,0.06,0.35,0.75,5,273
4,0.06,0.35,0.75,5,274
8,0.06,0.35,0.75,5,275
16,0.06,0.35,0.75,5,276
2,0.24,0.35,0.75,5,277
4,0.24,0.35,0.75,5,278
8,0.24,0.35,0.75,5,279
16,0.24,0.35,0.75,5,280
2,0.42,0.35,0.75,5,281
4,0.42,0.35,0.75,5,282
8,0.42,0.35,0.75,5,283
16,0.42,0.35,0.75,5,284
2,0.76,0.35,0.75,5,285
4,0.76,0.35,0.75,5,286
8,0.76,0.35,0.75,5,287
16,0.76,0.35,0.75,5,288
2,0.06,0.4,0.75,5,289
4,0.06,0.4,0.75,5,290
8,0.06,0.4,0.75,5,291
16,0.06,0.4,0.75,5,292
2,0.24,0.4,0.75,5,293
4,0.24,0.4,0.75,5,294
8,0.24,0.4,0.75,5,295
16,0.24,0.4,0.75,5,296
2,0.42,0.4,0.75,5,297
4,0.42,0.4,0.75,5,298
8,0.42,0.4,0.75,5,299
16,0.42,0.4,0.75,5,300
2,0.76,0.4,0.75,5,301
4,0.76,0.4,0.75,5,302
8,0.76,0.4,0.75,5,303
16,0.76,0.4,0.75,5,304
2,0.06,0.75,0.75,5,305
4,0.06,0.75,0.75,5,306
8,0.06,0.75,0.75,5,307
16,0.06,0.75,0.75,5,308
2,0.24,0.75,0.75,5,309
4,0.24,0.75,0.75,5,310
8,0.24,0.75,0.75,5,311
16,0.24,0.75,0.75,5,312
2,0.42,0.75,0.75,5,313
4,0.42,0.75,0.75,5,314
8,0.42,0.75,0.75,5,315
16,0.42,0.75,0.75,5,316
2,0.76,0.75,0.75,5,317
4,0.76,0.75,0.75,5,318
8,0.76,0.75,0.75,5,319
16,0.76,0.75,0.75,5,320
2,0.06,0.15,0.06,10,321
4,0.06,0.15,0.06,10,322
8,0.06,0.15,0.06,10,323
16,0.06,0.15,0.06,10,324
2,0.24,0.15,0.06,10,325
4,0.24,0.15,0.06,10,326
8,0.24,0.15,0.06,10,327
16,0.24,0.15,0.06,10,328
2,0.42,0.15,0.06,10,329
4,0.42,0.15,0.06,10,330
8,0.42,0.15,0.06,10,331
16,0.42,0.15,0.06,10,332
2,0.76,0.15,0.06,10,333
4,0.76,0.15,0.06,10,334
8,0.76,0.15,0.06,10,335
16,0.76,0.15,0.06,10,336
2,0.06,0.3,0.06,10,337
4,0.06,0.3,0.06,10,338
8,0.06,0.3,0.06,10,339
16,0.06,0.3,0.06,10,340
2,0.24,0.3,0.06,10,341
4,0.24,0.3,0.06,10,342
8,0.24,0.3,0.06,10,343
16,0.24,0.3,0.06,10,344
2,0.42,0.3,0.06,10,345
4,0.42,0.3,0.06,10,346
8,0.42,0.3,0.06,10,347
16,0.42,0.3,0.06,10,348
2,0.76,0.3,0.06,10,349
4,0.76,0.3,0.06,10,350
8,0.76,0.3,0.06,10,351
16,0.76,0.3,0.06,10,352
2,0.06,0.35,0.06,10,353
4,0.06,0.35,0.06,10,354
8,0.06,0.35,0.06,10,355
16,0.06,0.35,0.06,10,356
2,0.24,0.35,0.06,10,357
4,0.24,0.35,0.06,10,358
8,0.24,0.35,0.06,10,359
16,0.24,0.35,0.06,10,360
2,0.42,0.35,0.06,10,361
4,0.42,0.35,0.06,10,362
8,0.42,0.35,0.06,10,363
16,0.42,0.35,0.06,10,364
2,0.76,0.35,0.06,10,365
4,0.76,0.35,0.06,10,366
8,0.76,0.35,0.06,10,367
16,0.76,0.35,0.06,10,368
2,0.06,0.4,0.06,10,369
4,0.06,0.4,0.06,10,370
8,0.06,0.4,0.06,10,371
16,0.06,0.4,0.06,10,372
2,0.24,0.4,0.06,10,373
4,0.24,0.4,0.06,10,374
8,0.24,0.4,0.06,10,375
16,0.24,0.4,0.06,10,376
2,0.42,0.4,0.06,10,377
4,0.42,0.4,0.06,10,378
8,0.42,0.4,0.06,10,379
16,0.42,0.4,0.06,10,380
2,0.76,0.4,0.06,10,381
4,0.76,0.4,0.06,10,382
8,0.76,0.4,0.06,10,383
16,0.76,0.4,0.06,10,384
2,0.06,0.75,0.06,10,385
4,0.06,0.75,0.06,10,386
8,0.06,0.75,0.06,10,387
16,0.06,0.75,0.06,10,388
2,0.24,0.75,0.06,10,389
4,0.24,0.75,0.06,10,390
8,0.24,0.75,0.06,10,391
16,0.24,0.75,0.06,10,392
2,0.42,0.75,0.06,10,393
4,0.42,0.75,0.06,10,394
8,0.42,0.75,0.06,10,395
16,0.42,0.75,0.06,10,396
2,0.76,0.75,0.06,10,397
4,0.76,0.75,0.06,10,398
8,0.76,0.75,0.06,10,399
16,0.76,0.75,0.06,10,400
2,0.06,0.15,0.24,10,401
4,0.06,0.15,0.24,10,402
8,0.06,0.15,0.24,10,403
16,0.06,0.15,0.24,10,404
2,0.24,0.15,0.24,10,405
4,0.24,0.15,0.24,10,406
8,0.24,0.15,0.24,10,407
16,0.24,0.15,0.24,10,408
2,0.42,0.15,0.24,10,409
4,0.42,0.15,0.24,10,410
8,0.42,0.15,0.24,10,411
16,0.42,0.15,0.24,10,412
2,0.76,0.15,0.24,10,413
4,0.76,0.15,0.24,10,414
8,0.76,0.15,0.24,10,415
16,0.76,0.15,0.24,10,416
2,0.06,0.3,0.24,10,417
4,0.06,0.3,0.24,10,418
8,0.06,0.3,0.24,10,419
16,0.06,0.3,0.24,10,420
2,0.24,0.3,0.24,10,421
4,0.24,0.3,0.24,10,422
8,0.24,0.3,0.24,10,423
16,0.24,0.3,0.24,10,424
2,0.42,0.3,0.24,10,425
4,0.42,0.3,0.24,10,426
8,0.42,0.3,0.24,10,427
16,0.42,0.3,0.24,10,428
2,0.76,0.3,0.24,10,429
4,0.76,0.3,0.24,10,430
8,0.76,0.3,0.24,10,431
16,0.76,0.3,0.24,10,432
2,0.06,0.35,0.24,10,433
4,0.06,0.35,0.24,10,434
8,0.06,0.35,0.24,10,435
16,0.06,0.35,0.24,10,436
2,0.24,0.35,0.24,10,437
4,0.24,0.35,0.24,10,438
8,0.24,0.35,0.24,10,439
16,0.24,0.35,0.24,10,440
2,0.42,0.35,0.24,10,441
4,0.42,0.35,0.24,10,442
8,0.42,0.35,0.24,10,443
16,0.42,0.35,0.24,10,444
2,0.76,0.35,0.24,10,445
4,0.76,0.35,0.24,10,446
8,0.76,0.35,0.24,10,447
16,0.76,0.35,0.24,10,448
2,0.06,0.4,0.24,10,449
4,0.06,0.4,0.24,10,450
8,0.06,0.4,0.24,10,451
16,0.06,0.4,0.24,10,452
2,0.24,0.4,0.24,10,453
4,0.24,0.4,0.24,10,454
8,0.24,0.4,0.24,10,455
16,0.24,0.4,0.24,10,456
2,0.42,0.4,0.24,10,457
4,0.42,0.4,0.24,10,458
8,0.42,0.4,0.24,10,459
16,0.42,0.4,0.24,10,460
2,0.76,0.4,0.24,10,461
4,0.76,0.4,0.24,10,462
8,0.76,0.4,0.24,10,463
16,0.76,0.4,0.24,10,464
2,0.06,0.75,0.24,10,465
4,0.06,0.75,0.24,10,466
8,0.06,0.75,0.24,10,467
16,0.06,0.75,0.24,10,468
2,0.24,0.75,0.24,10,469
4,0.24,0.75,0.24,10,470
8,0.24,0.75,0.24,10,471
16,0.24,0.75,0.24,10,472
2,0.42,0.75,0.24,10,473
4,0.42,0.75,0.24,10,474
8,0.42,0.75,0.24,10,475
16,0.42,0.75,0.24,10,476
2,0.76,0.75,0.24,10,477
4,0.76,0.75,0.24,10,478
8,0.76,0.75,0.24,10,479
16,0.76,0.75,0.24,10,480
2,0.06,0.15,0.42,10,481
4,0.06,0.15,0.42,10,482
8,0.06,0.15,0.42,10,483
16,0.06,0.15,0.42,10,484
2,0.24,0.15,0.42,10,485
4,0.24,0.15,0.42,10,486
8,0.24,0.15,0.42,10,487
16,0.24,0.15,0.42,10,488
2,0.42,0.15,0.42,10,489
4,0.42,0.15,0.42,10,490
8,0.42,0.15,0.42,10,491
16,0.42,0.15,0.42,10,492
2,0.76,0.15,0.42,10,493
4,0.76,0.15,0.42,10,494
8,0.76,0.15,0.42,10,495
16,0.76,0.15,0.42,10,496
2,0.06,0.3,0.42,10,497
4,0.06,0.3,0.42,10,498
8,0.06,0.3,0.42,10,499
16,0.06,0.3,0.42,10,500
2,0.24,0.3,0.42,10,501
4,0.24,0.3,0.42,10,502
8,0.24,0.3,0.42,10,503
16,0.24,0.3,0.42,10,504
2,0.42,0.3,0.42,10,505
4,0.42,0.3,0.42,10,506
8,0.42,0.3,0.42,10,507
16,0.42,0.3,0.42,10,508
2,0.76,0.3,0.42,10,509
4,0.76,0.3,0.42,10,510
8,0.76,0.3,0.42,10,511
16,0.76,0.3,0.42,10,512
2,0.06,0.35,0.42,10,513
4,0.06,0.35,0.42,10,514
8,0.06,0.35,0.42,10,515
16,0.06,0.35,0.42,10,516
2,0.24,0.35,0.42,10,517
4,0.24,0.35,0.42,10,518
8,0.24,0.35,0.42,10,519
16,0.24,0.35,0.42,10,520
2,0.42,0.35,0.42,10,521
4,0.42,0.35,0.42,10,522
8,0.42,0.35,0.42,10,523
16,0.42,0.35,0.42,10,524
2,0.76,0.35,0.42,10,525
4,0.76,0.35,0.42,10,526
8,0.76,0.35,0.42,10,527
16,0.76,0.35,0.42,10,528
2,0.06,0.4,0.42,10,529
4,0.06,0.4,0.42,10,530
8,0.06,0.4,0.42,10,531
16,0.06,0.4,0.42,10,532
2,0.24,0.4,0.42,10,533
4,0.24,0.4,0.42,10,534
8,0.24,0.4,0.42,10,535
16,0.24,0.4,0.42,10,536
2,0.42,0.4,0.42,10,537
4,0.42,0.4,0.42,10,538
8,0.42,0.4,0.42,10,539
16,0.42,0.4,0.42,10,540
2,0.76,0.4,0.42,10,541
4,0.76,0.4,0.42,10,542
8,0.76,0.4,0.42,10,543
16,0.76,0.4,0.42,10,544
2,0.06,0.75,0.42,10,545
4,0.06,0.75,0.42,10,546
8,0.06,0.75,0.42,10,547
16,0.06,0.75,0.42,10,548
2,0.24,0.75,0.42,10,549
4,0.24,0.75,0.42,10,550
8,0.24,0.75,0.42,10,551
16,0.24,0.75,0.42,10,552
2,0.42,0.75,0.42,10,553
4,0.42,0.75,0.42,10,554
8,0.42,0.75,0.42,10,555
16,0.42,0.75,0.42,10,556
2,0.76,0.75,0.42,10,557
4,0.76,0.75,0.42,10,558
8,0.76,0.75,0.42,10,559
16,0.76,0.75,0.42,10,560
2,0.06,0.15,0.75,10,561
4,0.06,0.15,0.75,10,562
8,0.06,0.15,0.75,10,563
16,0.06,0.15,0.75,10,564
2,0.24,0.15,0.75,10,565
4,0.24,0.15,0.75,10,566
8,0.24,0.15,0.75,10,567
16,0.24,0.15,0.75,10,568
2,0.42,0.15,0.75,10,569
4,0.42,0.15,0.75,10,570
8,0.42,0.15,0.75,10,571
16,0.42,0.15,0.75,10,572
2,0.76,0.15,0.75,10,573
4,0.76,0.15,0.75,10,574
8,0.76,0.15,0.75,10,575
16,0.76,0.15,0.75,10,576
2,0.06,0.3,0.75,10,577
4,0.06,0.3,0.75,10,578
8,0.06,0.3,0.75,10,579
16,0.06,0.3,0.75,10,580
2,0.24,0.3,0.75,10,581
4,0.24,0.3,0.75,10,582
8,0.24,0.3,0.75,10,583
16,0.24,0.3,0.75,10,584
2,0.42,0.3,0.75,10,585
4,0.42,0.3,0.75,10,586
8,0.42,0.3,0.75,10,587
16,0.42,0.3,0.75,10,588
2,0.76,0.3,0.75,10,589
4,0.76,0.3,0.75,10,590
8,0.76,0.3,0.75,10,591
16,0.76,0.3,0.75,10,592
2,0.06,0.35,0.75,10,593
4,0.06,0.35,0.75,10,594
8,0.06,0.35,0.75,10,595
16,0.06,0.35,0.75,10,596
2,0.24,0.35,0.75,10,597
4,0.24,0.35,0.75,10,598
8,0.24,0.35,0.75,10,599
16,0.24,0.35,0.75,10,600
2,0.42,0.35,0.75,10,601
4,0.42,0.35,0.75,10,602
8,0.42,0.35,0.75,10,603
16,0.42,0.35,0.75,10,604
2,0.76,0.35,0.75,10,605
4,0.76,0.35,0.75,10,606
8,0.76,0.35,0.75,10,607
16,0.76,0.35,0.75,10,608
2,0.06,0.4,0.75,10,609
4,0.06,0.4,0.75,10,610
8,0.06,0.4,0.75,10,611
16,0.06,0.4,0.75,10,612
2,0.24,0.4,0.75,10,613
4,0.24,0.4,0.75,10,614
8,0.24,0.4,0.75,10,615
16,0.24,0.4,0.75,10,616
2,0.42,0.4,0.75,10,617
4,0.42,0.4,0.75,10,618
8,0.42,0.4,0.75,10,619
16,0.42,0.4,0.75,10,620
2,0.76,0.4,0.75,10,621
4,0.76,0.4,0.75,10,622
8,0.76,0.4,0.75,10,623
16,0.76,0.4,0.75,10,624
2,0.06,0.75,0.75,10,625
4,0.06,0.75,0.75,10,626
8,0.06,0.75,0.75,10,627
16,0.06,0.75,0.75,10,628
2,0.24,0.75,0.75,10,629
4,0.24,0.75,0.75,10,630
8,0.24,0.75,0.75,10,631
16,0.24,0.75,0.75,10,632
2,0.42,0.75,0.75,10,633
4,0.42,0.75,0.75,10,634
8,0.42,0.75,0.75,10,635
16,0.42,0.75,0.75,10,636
2,0.76,0.75,0.75,10,637
4,0.76,0.75,0.75,10,638
8,0.76,0.75,0.75,10,639
16,0.76,0.75,0.75,10,640
2,0.06,0.15,0.06,20,641
4,0.06,0.15,0.06,20,642
8,0.06,0.15,0.06,20,643
16,0.06,0.15,0.06,20,644
2,0.24,0.15,0.06,20,645
4,0.24,0.15,0.06,20,646
8,0.24,0.15,0.06,20,647
16,0.24,0.15,0.06,20,648
2,0.42,0.15,0.06,20,649
4,0.42,0.15,0.06,20,650
8,0.42,0.15,0.06,20,651
16,0.42,0.15,0.06,20,652
2,0.76,0.15,0.06,20,653
4,0.76,0.15,0.06,20,654
8,0.76,0.15,0.06,20,655
16,0.76,0.15,0.06,20,656
2,0.06,0.3,0.06,20,657
4,0.06,0.3,0.06,20,658
8,0.06,0.3,0.06,20,659
16,0.06,0.3,0.06,20,660
2,0.24,0.3,0.06,20,661
4,0.24,0.3,0.06,20,662
8,0.24,0.3,0.06,20,663
16,0.24,0.3,0.06,20,664
2,0.42,0.3,0.06,20,665
4,0.42,0.3,0.06,20,666
8,0.42,0.3,0.06,20,667
16,0.42,0.3,0.06,20,668
2,0.76,0.3,0.06,20,669
4,0.76,0.3,0.06,20,670
8,0.76,0.3,0.06,20,671
16,0.76,0.3,0.06,20,672
2,0.06,0.35,0.06,20,673
4,0.06,0.35,0.06,20,674
8,0.06,0.35,0.06,20,675
16,0.06,0.35,0.06,20,676
2,0.24,0.35,0.06,20,677
4,0.24,0.35,0.06,20,678
8,0.24,0.35,0.06,20,679
16,0.24,0.35,0.06,20,680
2,0.42,0.35,0.06,20,681
4,0.42,0.35,0.06,20,682
8,0.42,0.35,0.06,20,683
16,0.42,0.35,0.06,20,684
2,0.76,0.35,0.06,20,685
4,0.76,0.35,0.06,20,686
8,0.76,0.35,0.06,20,687
16,0.76,0.35,0.06,20,688
2,0.06,0.4,0.06,20,689
4,0.06,0.4,0.06,20,690
8,0.06,0.4,0.06,20,691
16,0.06,0.4,0.06,20,692
2,0.24,0.4,0.06,20,693
4,0.24,0.4,0.06,20,694
8,0.24,0.4,0.06,20,695
16,0.24,0.4,0.06,20,696
2,0.42,0.4,0.06,20,697
4,0.42,0.4,0.06,20,698
8,0.42,0.4,0.06,20,699
16,0.42,0.4,0.06,20,700
2,0.76,0.4,0.06,20,701
4,0.76,0.4,0.06,20,702
8,0.76,0.4,0.06,20,703
16,0.76,0.4,0.06,20,704
2,0.06,0.75,0.06,20,705
4,0.06,0.75,0.06,20,706
8,0.06,0.75,0.06,20,707
16,0.06,0.75,0.06,20,708
2,0.24,0.75,0.06,20,709
4,0.24,0.75,0.06,20,710
8,0.24,0.75,0.06,20,711
16,0.24,0.75,0.06,20,712
2,0.42,0.75,0.06,20,713
4,0.42,0.75,0.06,20,714
8,0.42,0.75,0.06,20,715
16,0.42,0.75,0.06,20,716
2,0.76,0.75,0.06,20,717
4,0.76,0.75,0.06,20,718
8,0.76,0.75,0.06,20,719
16,0.76,0.75,0.06,20,720
2,0.06,0.15,0.24,20,721
4,0.06,0.15,0.24,20,722
8,0.06,0.15,0.24,20,723
16,0.06,0.15,0.24,20,724
2,0.24,0.15,0.24,20,725
4,0.24,0.15,0.24,20,726
8,0.24,0.15,0.24,20,727
16,0.24,0.15,0.24,20,728
2,0.42,0.15,0.24,20,729
4,0.42,0.15,0.24,20,730
8,0.42,0.15,0.24,20,731
16,0.42,0.15,0.24,20,732
2,0.76,0.15,0.24,20,733
4,0.76,0.15,0.24,20,734
8,0.76,0.15,0.24,20,735
16,0.76,0.15,0.24,20,736
2,0.06,0.3,0.24,20,737
4,0.06,0.3,0.24,20,738
8,0.06,0.3,0.24,20,739
16,0.06,0.3,0.24,20,740
2,0.24,0.3,0.24,20,741
4,0.24,0.3,0.24,20,742
8,0.24,0.3,0.24,20,743
16,0.24,0.3,0.24,20,744
2,0.42,0.3,0.24,20,745
4,0.42,0.3,0.24,20,746
8,0.42,0.3,0.24,20,747
16,0.42,0.3,0.24,20,748
2,0.76,0.3,0.24,20,749
4,0.76,0.3,0.24,20,750
8,0.76,0.3,0.24,20,751
16,0.76,0.3,0.24,20,752
2,0.06,0.35,0.24,20,753
4,0.06,0.35,0.24,20,754
8,0.06,0.35,0.24,20,755
16,0.06,0.35,0.24,20,756
2,0.24,0.35,0.24,20,757
4,0.24,0.35,0.24,20,758
8,0.24,0.35,0.24,20,759
16,0.24,0.35,0.24,20,760
2,0.42,0.35,0.24,20,761
4,0.42,0.35,0.24,20,762
8,0.42,0.35,0.24,20,763
16,0.42,0.35,0.24,20,764
2,0.76,0.35,0.24,20,765
4,0.76,0.35,0.24,20,766
8,0.76,0.35,0.24,20,767
16,0.76,0.35,0.24,20,768
2,0.06,0.4,0.24,20,769
4,0.06,0.4,0.24,20,770
8,0.06,0.4,0.24,20,771
16,0.06,0.4,0.24,20,772
2,0.24,0.4,0.24,20,773
4,0.24,0.4,0.24,20,774
8,0.24,0.4,0.24,20,775
16,0.24,0.4,0.24,20,776
2,0.42,0.4,0.24,20,777
4,0.42,0.4,0.24,20,778
8,0.42,0.4,0.24,20,779
16,0.42,0.4,0.24,20,780
2,0.76,0.4,0.24,20,781
4,0.76,0.4,0.24,20,782
8,0.76,0.4,0.24,20,783
16,0.76,0.4,0.24,20,784
2,0.06,0.75,0.24,20,785
4,0.06,0.75,0.24,20,786
8,0.06,0.75,0.24,20,787
16,0.06,0.75,0.24,20,788
2,0.24,0.75,0.24,20,789
4,0.24,0.75,0.24,20,790
8,0.24,0.75,0.24,20,791
16,0.24,0.75,0.24,20,792
2,0.42,0.75,0.24,20,793
4,0.42,0.75,0.24,20,794
8,0.42,0.75,0.24,20,795
16,0.42,0.75,0.24,20,796
2,0.76,0.75,0.24,20,797
4,0.76,0.75,0.24,20,798
8,0.76,0.75,0.24,20,799
16,0.76,0.75,0.24,20,800
2,0.06,0.15,0.42,20,801
4,0.06,0.15,0.42,20,802
8,0.06,0.15,0.42,20,803
16,0.06,0.15,0.42,20,804
2,0.24,0.15,0.42,20,805
4,0.24,0.15,0.42,20,806
8,0.24,0.15,0.42,20,807
16,0.24,0.15,0.42,20,808
2,0.42,0.15,0.42,20,809
4,0.42,0.15,0.42,20,810
8,0.42,0.15,0.42,20,811
16,0.42,0.15,0.42,20,812
2,0.76,0.15,0.42,20,813
4,0.76,0.15,0.42,20,814
8,0.76,0.15,0.42,20,815
16,0.76,0.15,0.42,20,816
2,0.06,0.3,0.42,20,817
4,0.06,0.3,0.42,20,818
8,0.06,0.3,0.42,20,819
16,0.06,0.3,0.42,20,820
2,0.24,0.3,0.42,20,821
4,0.24,0.3,0.42,20,822
8,0.24,0.3,0.42,20,823
16,0.24,0.3,0.42,20,824
2,0.42,0.3,0.42,20,825
4,0.42,0.3,0.42,20,826
8,0.42,0.3,0.42,20,827
16,0.42,0.3,0.42,20,828
2,0.76,0.3,0.42,20,829
4,0.76,0.3,0.42,20,830
8,0.76,0.3,0.42,20,831
16,0.76,0.3,0.42,20,832
2,0.06,0.35,0.42,20,833
4,0.06,0.35,0.42,20,834
8,0.06,0.35,0.42,20,835
16,0.06,0.35,0.42,20,836
2,0.24,0.35,0.42,20,837
4,0.24,0.35,0.42,20,838
8,0.24,0.35,0.42,20,839
16,0.24,0.35,0.42,20,840
2,0.42,0.35,0.42,20,841
4,0.42,0.35,0.42,20,842
8,0.42,0.35,0.42,20,843
16,0.42,0.35,0.42,20,844
2,0.76,0.35,0.42,20,845
4,0.76,0.35,0.42,20,846
8,0.76,0.35,0.42,20,847
16,0.76,0.35,0.42,20,848
2,0.06,0.4,0.42,20,849
4,0.06,0.4,0.42,20,850
8,0.06,0.4,0.42,20,851
16,0.06,0.4,0.42,20,852
2,0.24,0.4,0.42,20,853
4,0.24,0.4,0.42,20,854
8,0.24,0.4,0.42,20,855
16,0.24,0.4,0.42,20,856
2,0.42,0.4,0.42,20,857
4,0.42,0.4,0.42,20,858
8,0.42,0.4,0.42,20,859
16,0.42,0.4,0.42,20,860
2,0.76,0.4,0.42,20,861
4,0.76,0.4,0.42,20,862
8,0.76,0.4,0.42,20,863
16,0.76,0.4,0.42,20,864
2,0.06,0.75,0.42,20,865
4,0.06,0.75,0.42,20,866
8,0.06,0.75,0.42,20,867
16,0.06,0.75,0.42,20,868
2,0.24,0.75,0.42,20,869
4,0.24,0.75,0.42,20,870
8,0.24,0.75,0.42,20,871
16,0.24,0.75,0.42,20,872
2,0.42,0.75,0.42,20,873
4,0.42,0.75,0.42,20,874
8,0.42,0.75,0.42,20,875
16,0.42,0.75,0.42,20,876
2,0.76,0.75,0.42,20,877
4,0.76,0.75,0.42,20,878
8,0.76,0.75,0.42,20,879
16,0.76,0.75,0.42,20,880
2,0.06,0.15,0.75,20,881
4,0.06,0.15,0.75,20,882
8,0.06,0.15,0.75,20,883
16,0.06,0.15,0.75,20,884
2,0.24,0.15,0.75,20,885
4,0.24,0.15,0.75,20,886
8,0.24,0.15,0.75,20,887
16,0.24,0.15,0.75,20,888
2,0.42,0.15,0.75,20,889
4,0.42,0.15,0.75,20,890
8,0.42,0.15,0.75,20,891
16,0.42,0.15,0.75,20,892
2,0.76,0.15,0.75,20,893
4,0.76,0.15,0.75,20,894
8,0.76,0.15,0.75,20,895
16,0.76,0.15,0.75,20,896
2,0.06,0.3,0.75,20,897
4,0.06,0.3,0.75,20,898
8,0.06,0.3,0.75,20,899
16,0.06,0.3,0.75,20,900
2,0.24,0.3,0.75,20,901
4,0.24,0.3,0.75,20,902
8,0.24,0.3,0.75,20,903
16,0.24,0.3,0.75,20,904
2,0.42,0.3,0.75,20,905
4,0.42,0.3,0.75,20,906
8,0.42,0.3,0.75,20,907
16,0.42,0.3,0.75,20,908
2,0.76,0.3,0.75,20,909
4,0.76,0.3,0.75,20,910
8,0.76,0.3,0.75,20,911
16,0.76,0.3,0.75,20,912
2,0.06,0.35,0.75,20,913
4,0.06,0.35,0.75,20,914
8,0.06,0.35,0.75,20,915
16,0.06,0.35,0.75,20,916
2,0.24,0.35,0.75,20,917
4,0.24,0.35,0.75,20,918
8,0.24,0.35,0.75,20,919
16,0.24,0.35,0.75,20,920
2,0.42,0.35,0.75,20,921
4,0.42,0.35,0.75,20,922
8,0.42,0.35,0.75,20,923
16,0.42,0.35,0.75,20,924
2,0.76,0.35,0.75,20,925
4,0.76,0.35,0.75,20,926
8,0.76,0.35,0.75,20,927
16,0.76,0.35,0.75,20,928
2,0.06,0.4,0.75,20,929
4,0.06,0.4,0.75,20,930
8,0.06,0.4,0.75,20,931
16,0.06,0.4,0.75,20,932
2,0.24,0.4,0.75,20,933
4,0.24,0.4,0.75,20,934
8,0.24,0.4,0.75,20,935
16,0.24,0.4,0.75,20,936
2,0.42,0.4,0.75,20,937
4,0.42,0.4,0.75,20,938
8,0.42,0.4,0.75,20,939
16,0.42,0.4,0.75,20,940
2,0.76,0.4,0.75,20,941
4,0.76,0.4,0.75,20,942
8,0.76,0.4,0.75,20,943
16,0.76,0.4,0.75,20,944
2,0.06,0.75,0.75,20,945
4,0.06,0.75,0.75,20,946
8,0.06,0.75,0.75,20,947
16,0.06,0.75,0.75,20,948
2,0.24,0.75,0.75,20,949
4,0.24,0.75,0.75,20,950
8,0.24,0.75,0.75,20,951
16,0.24,0.75,0.75,20,952
2,0.42,0.75,0.75,20,953
4,0.42,0.75,0.75,20,954
8,0.42,0.75,0.75,20,955
16,0.42,0.75,0.75,20,956
2,0.76,0.75,0.75,20,957
4,0.76,0.75,0.75,20,958
8,0.76,0.75,0.75,20,959
16,0.76,0.75,0.75,20,960
2,0.06,0.15,0.06,30,961
4,0.06,0.15,0.06,30,962
8,0.06,0.15,0.06,30,963
16,0.06,0.15,0.06,30,964
2,0.24,0.15,0.06,30,965
4,0.24,0.15,0.06,30,966
8,0.24,0.15,0.06,30,967
16,0.24,0.15,0.06,30,968
2,0.42,0.15,0.06,30,969
4,0.42,0.15,0.06,30,970
8,0.42,0.15,0.06,30,971
16,0.42,0.15,0.06,30,972
2,0.76,0.15,0.06,30,973
4,0.76,0.15,0.06,30,974
8,0.76,0.15,0.06,30,975
16,0.76,0.15,0.06,30,976
2,0.06,0.3,0.06,30,977
4,0.06,0.3,0.06,30,978
8,0.06,0.3,0.06,30,979
16,0.06,0.3,0.06,30,980
2,0.24,0.3,0.06,30,981
4,0.24,0.3,0.06,30,982
8,0.24,0.3,0.06,30,983
16,0.24,0.3,0.06,30,984
2,0.42,0.3,0.06,30,985
4,0.42,0.3,0.06,30,986
8,0.42,0.3,0.06,30,987
16,0.42,0.3,0.06,30,988
2,0.76,0.3,0.06,30,989
4,0.76,0.3,0.06,30,990
8,0.76,0.3,0.06,30,991
16,0.76,0.3,0.06,30,992
2,0.06,0.35,0.06,30,993
4,0.06,0.35,0.06,30,994
8,0.06,0.35,0.06,30,995
16,0.06,0.35,0.06,30,996
2,0.24,0.35,0.06,30,997
4,0.24,0.35,0.06,30,998
8,0.24,0.35,0.06,30,999
16,0.24,0.35,0.06,30,1000
2,0.42,0.35,0.06,30,1001
4,0.42,0.35,0.06,30,1002
8,0.42,0.35,0.06,30,1003
16,0.42,0.35,0.06,30,1004
2,0.76,0.35,0.06,30,1005
4,0.76,0.35,0.06,30,1006
8,0.76,0.35,0.06,30,1007
16,0.76,0.35,0.06,30,1008
2,0.06,0.4,0.06,30,1009
4,0.06,0.4,0.06,30,1010
8,0.06,0.4,0.06,30,1011
16,0.06,0.4,0.06,30,1012
2,0.24,0.4,0.06,30,1013
4,0.24,0.4,0.06,30,1014
8,0.24,0.4,0.06,30,1015
16,0.24,0.4,0.06,30,1016
2,0.42,0.4,0.06,30,1017
4,0.42,0.4,0.06,30,1018
8,0.42,0.4,0.06,30,1019
16,0.42,0.4,0.06,30,1020
2,0.76,0.4,0.06,30,1021
4,0.76,0.4,0.06,30,1022
8,0.76,0.4,0.06,30,1023
16,0.76,0.4,0.06,30,1024
2,0.06,0.75,0.06,30,1025
4,0.06,0.75,0.06,30,1026
8,0.06,0.75,0.06,30,1027
16,0.06,0.75,0.06,30,1028
2,0.24,0.75,0.06,30,1029
4,0.24,0.75,0.06,30,1030
8,0.24,0.75,0.06,30,1031
16,0.24,0.75,0.06,30,1032
2,0.42,0.75,0.06,30,1033
4,0.42,0.75,0.06,30,1034
8,0.42,0.75,0.06,30,1035
16,0.42,0.75,0.06,30,1036
2,0.76,0.75,0.06,30,1037
4,0.76,0.75,0.06,30,1038
8,0.76,0.75,0.06,30,1039
16,0.76,0.75,0.06,30,1040
2,0.06,0.15,0.24,30,1041
4,0.06,0.15,0.24,30,1042
8,0.06,0.15,0.24,30,1043
16,0.06,0.15,0.24,30,1044
2,0.24,0.15,0.24,30,1045
4,0.24,0.15,0.24,30,1046
8,0.24,0.15,0.24,30,1047
16,0.24,0.15,0.24,30,1048
2,0.42,0.15,0.24,30,1049
4,0.42,0.15,0.24,30,1050
8,0.42,0.15,0.24,30,1051
16,0.42,0.15,0.24,30,1052
2,0.76,0.15,0.24,30,1053
4,0.76,0.15,0.24,30,1054
8,0.76,0.15,0.24,30,1055
16,0.76,0.15,0.24,30,1056
2,0.06,0.3,0.24,30,1057
4,0.06,0.3,0.24,30,1058
8,0.06,0.3,0.24,30,1059
16,0.06,0.3,0.24,30,1060
2,0.24,0.3,0.24,30,1061
4,0.24,0.3,0.24,30,1062
8,0.24,0.3,0.24,30,1063
16,0.24,0.3,0.24,30,1064
2,0.42,0.3,0.24,30,1065
4,0.42,0.3,0.24,30,1066
8,0.42,0.3,0.24,30,1067
16,0.42,0.3,0.24,30,1068
2,0.76,0.3,0.24,30,1069
4,0.76,0.3,0.24,30,1070
8,0.76,0.3,0.24,30,1071
16,0.76,0.3,0.24,30,1072
2,0.06,0.35,0.24,30,1073
4,0.06,0.35,0.24,30,1074
8,0.06,0.35,0.24,30,1075
16,0.06,0.35,0.24,30,1076
2,0.24,0.35,0.24,30,1077
4,0.24,0.35,0.24,30,1078
8,0.24,0.35,0.24,30,1079
16,0.24,0.35,0.24,30,1080
2,0.42,0.35,0.24,30,1081
4,0.42,0.35,0.24,30,1082
8,0.42,0.35,0.24,30,1083
16,0.42,0.35,0.24,30,1084
2,0.76,0.35,0.24,30,1085
4,0.76,0.35,0.24,30,1086
8,0.76,0.35,0.24,30,1087
16,0.76,0.35,0.24,30,1088
2,0.06,0.4,0.24,30,1089
4,0.06,0.4,0.24,30,1090
8,0.06,0.4,0.24,30,1091
16,0.06,0.4,0.24,30,1092
2,0.24,0.4,0.24,30,1093
4,0.24,0.4,0.24,30,1094
8,0.24,0.4,0.24,30,1095
16,0.24,0.4,0.24,30,1096
2,0.42,0.4,0.24,30,1097
4,0.42,0.4,0.24,30,1098
8,0.42,0.4,0.24,30,1099
16,0.42,0.4,0.24,30,1100
2,0.76,0.4,0.24,30,1101
4,0.76,0.4,0.24,30,1102
8,0.76,0.4,0.24,30,1103
16,0.76,0.4,0.24,30,1104
2,0.06,0.75,0.24,30,1105
4,0.06,0.75,0.24,30,1106
8,0.06,0.75,0.24,30,1107
16,0.06,0.75,0.24,30,1108
2,0.24,0.75,0.24,30,1109
4,0.24,0.75,0.24,30,1110
8,0.24,0.75,0.24,30,1111
16,0.24,0.75,0.24,30,1112
2,0.42,0.75,0.24,30,1113
4,0.42,0.75,0.24,30,1114
8,0.42,0.75,0.24,30,1115
16,0.42,0.75,0.24,30,1116
2,0.76,0.75,0.24,30,1117
4,0.76,0.75,0.24,30,1118
8,0.76,0.75,0.24,30,1119
16,0.76,0.75,0.24,30,1120
2,0.06,0.15,0.42,30,1121
4,0.06,0.15,0.42,30,1122
8,0.06,0.15,0.42,30,1123
16,0.06,0.15,0.42,30,1124
2,0.24,0.15,0.42,30,1125
4,0.24,0.15,0.42,30,1126
8,0.24,0.15,0.42,30,1127
16,0.24,0.15,0.42,30,1128
2,0.42,0.15,0.42,30,1129
4,0.42,0.15,0.42,30,1130
8,0.42,0.15,0.42,30,1131
16,0.42,0.15,0.42,30,1132
2,0.76,0.15,0.42,30,1133
4,0.76,0.15,0.42,30,1134
8,0.76,0.15,0.42,30,1135
16,0.76,0.15,0.42,30,1136
2,0.06,0.3,0.42,30,1137
4,0.06,0.3,0.42,30,1138
8,0.06,0.3,0.42,30,1139
16,0.06,0.3,0.42,30,1140
2,0.24,0.3,0.42,30,1141
4,0.24,0.3,0.42,30,1142
8,0.24,0.3,0.42,30,1143
16,0.24,0.3,0.42,30,1144
2,0.42,0.3,0.42,30,1145
4,0.42,0.3,0.42,30,1146
8,0.42,0.3,0.42,30,1147
16,0.42,0.3,0.42,30,1148
2,0.76,0.3,0.42,30,1149
4,0.76,0.3,0.42,30,1150
8,0.76,0.3,0.42,30,1151
16,0.76,0.3,0.42,30,1152
2,0.06,0.35,0.42,30,1153
4,0.06,0.35,0.42,30,1154
8,0.06,0.35,0.42,30,1155
16,0.06,0.35,0.42,30,1156
2,0.24,0.35,0.42,30,1157
4,0.24,0.35,0.42,30,1158
8,0.24,0.35,0.42,30,1159
16,0.24,0.35,0.42,30,1160
2,0.42,0.35,0.42,30,1161
4,0.42,0.35,0.42,30,1162
8,0.42,0.35,0.42,30,1163
16,0.42,0.35,0.42,30,1164
2,0.76,0.35,0.42,30,1165
4,0.76,0.35,0.42,30,1166
8,0.76,0.35,0.42,30,1167
16,0.76,0.35,0.42,30,1168
2,0.06,0.4,0.42,30,1169
4,0.06,0.4,0.42,30,1170
8,0.06,0.4,0.42,30,1171
16,0.06,0.4,0.42,30,1172
2,0.24,0.4,0.42,30,1173
4,0.24,0.4,0.42,30,1174
8,0.24,0.4,0.42,30,1175
16,0.24,0.4,0.42,30,1176
2,0.42,0.4,0.42,30,1177
4,0.42,0.4,0.42,30,1178
8,0.42,0.4,0.42,30,1179
16,0.42,0.4,0.42,30,1180
2,0.76,0.4,0.42,30,1181
4,0.76,0.4,0.42,30,1182
8,0.76,0.4,0.42,30,1183
16,0.76,0.4,0.42,30,1184
2,0.06,0.75,0.42,30,1185
4,0.06,0.75,0.42,30,1186
8,0.06,0.75,0.42,30,1187
16,0.06,0.75,0.42,30,1188
2,0.24,0.75,0.42,30,1189
4,0.24,0.75,0.42,30,1190
8,0.24,0.75,0.42,30,1191
16,0.24,0.75,0.42,30,1192
2,0.42,0.75,0.42,30,1193
4,0.42,0.75,0.42,30,1194
8,0.42,0.75,0.42,30,1195
16,0.42,0.75,0.42,30,1196
2,0.76,0.75,0.42,30,1197
4,0.76,0.75,0.42,30,1198
8,0.76,0.75,0.42,30,1199
16,0.76,0.75,0.42,30,1200
2,0.06,0.15,0.75,30,1201
4,0.06,0.15,0.75,30,1202
8,0.06,0.15,0.75,30,1203
16,0.06,0.15,0.75,30,1204
2,0.24,0.15,0.75,30,1205
4,0.24,0.15,0.75,30,1206
8,0.24,0.15,0.75,30,1207
16,0.24,0.15,0.75,30,1208
2,0.42,0.15,0.75,30,1209
4,0.42,0.15,0.75,30,1210
8,0.42,0.15,0.75,30,1211
16,0.42,0.15,0.75,30,1212
2,0.76,0.15,0.75,30,1213
4,0.76,0.15,0.75,30,1214
8,0.76,0.15,0.75,30,1215
16,0.76,0.15,0.75,30,1216
2,0.06,0.3,0.75,30,1217
4,0.06,0.3,0.75,30,1218
8,0.06,0.3,0.75,30,1219
16,0.06,0.3,0.75,30,1220
2,0.24,0.3,0.75,30,1221
4,0.24,0.3,0.75,30,1222
8,0.24,0.3,0.75,30,1223
16,0.24,0.3,0.75,30,1224
2,0.42,0.3,0.75,30,1225
4,0.42,0.3,0.75,30,1226
8,0.42,0.3,0.75,30,1227
16,0.42,0.3,0.75,30,1228
2,0.76,0.3,0.75,30,1229
4,0.76,0.3,0.75,30,1230
8,0.76,0.3,0.75,30,1231
16,0.76,0.3,0.75,30,1232
2,0.06,0.35,0.75,30,1233
4,0.06,0.35,0.75,30,1234
8,0.06,0.35,0.75,30,1235
16,0.06,0.35,0.75,30,1236
2,0.24,0.35,0.75,30,1237
4,0.24,0.35,0.75,30,1238
8,0.24,0.35,0.75,30,1239
16,0.24,0.35,0.75,30,1240
2,0.42,0.35,0.75,30,1241
4,0.42,0.35,0.75,30,1242
8,0.42,0.35,0.75,30,1243
16,0.42,0.35,0.75,30,1244
2,0.76,0.35,0.75,30,1245
4,0.76,0.35,0.75,30,1246
8,0.76,0.35,0.75,30,1247
16,0.76,0.35,0.75,30,1248
2,0.06,0.4,0.75,30,1249
4,0.06,0.4,0.75,30,1250
8,0.06,0.4,0.75,30,1251
16,0.06,0.4,0.75,30,1252
2,0.24,0.4,0.75,30,1253
4,0.24,0.4,0.75,30,1254
8,0.24,0.4,0.75,30,1255
16,0.24,0.4,0.75,30,1256
2,0.42,0.4,0.75,30,1257
4,0.42,0.4,0.75,30,1258
8,0.42,0.4,0.75,30,1259
16,0.42,0.4,0.75,30,1260
2,0.76,0.4,0.75,30,1261
4,0.76,0.4,0.75,30,1262
8,0.76,0.4,0.75,30,1263
16,0.76,0.4,0.75,30,1264
2,0.06,0.75,0.75,30,1265
4,0.06,0.75,0.75,30,1266
8,0.06,0.75,0.75,30,1267
16,0.06,0.75,0.75,30,1268
2,0.24,0.75,0.75,30,1269
4,0.24,0.75,0.75,30,1270
8,0.24,0.75,0.75,30,1271
16,0.24,0.75,0.75,30,1272
2,0.42,0.75,0.75,30,1273
4,0.42,0.75,0.75,30,1274
8,0.42,0.75,0.75,30,1275
16,0.42,0.75,0.75,30,1276
2,0.76,0.75,0.75,30,1277
4,0.76,0.75,0.75,30,1278
8,0.76,0.75,0.75,30,1279
16,0.76,0.75,0.75,30,1280
2,0.06,0.15,0.06,60,1281
4,0.06,0.15,0.06,60,1282
8,0.06,0.15,0.06,60,1283
16,0.06,0.15,0.06,60,1284
2,0.24,0.15,0.06,60,1285
4,0.24,0.15,0.06,60,1286
8,0.24,0.15,0.06,60,1287
16,0.24,0.15,0.06,60,1288
2,0.42,0.15,0.06,60,1289
4,0.42,0.15,0.06,60,1290
8,0.42,0.15,0.06,60,1291
16,0.42,0.15,0.06,60,1292
2,0.76,0.15,0.06,60,1293
4,0.76,0.15,0.06,60,1294
8,0.76,0.15,0.06,60,1295
16,0.76,0.15,0.06,60,1296
2,0.06,0.3,0.06,60,1297
4,0.06,0.3,0.06,60,1298
8,0.06,0.3,0.06,60,1299
16,0.06,0.3,0.06,60,1300
2,0.24,0.3,0.06,60,1301
4,0.24,0.3,0.06,60,1302
8,0.24,0.3,0.06,60,1303
16,0.24,0.3,0.06,60,1304
2,0.42,0.3,0.06,60,1305
4,0.42,0.3,0.06,60,1306
8,0.42,0.3,0.06,60,1307
16,0.42,0.3,0.06,60,1308
2,0.76,0.3,0.06,60,1309
4,0.76,0.3,0.06,60,1310
8,0.76,0.3,0.06,60,1311
16,0.76,0.3,0.06,60,1312
2,0.06,0.35,0.06,60,1313
4,0.06,0.35,0.06,60,1314
8,0.06,0.35,0.06,60,1315
16,0.06,0.35,0.06,60,1316
2,0.24,0.35,0.06,60,1317
4,0.24,0.35,0.06,60,1318
8,0.24,0.35,0.06,60,1319
16,0.24,0.35,0.06,60,1320
2,0.42,0.35,0.06,60,1321
4,0.42,0.35,0.06,60,1322
8,0.42,0.35,0.06,60,1323
16,0.42,0.35,0.06,60,1324
2,0.76,0.35,0.06,60,1325
4,0.76,0.35,0.06,60,1326
8,0.76,0.35,0.06,60,1327
16,0.76,0.35,0.06,60,1328
2,0.06,0.4,0.06,60,1329
4,0.06,0.4,0.06,60,1330
8,0.06,0.4,0.06,60,1331
16,0.06,0.4,0.06,60,1332
2,0.24,0.4,0.06,60,1333
4,0.24,0.4,0.06,60,1334
8,0.24,0.4,0.06,60,1335
16,0.24,0.4,0.06,60,1336
2,0.42,0.4,0.06,60,1337
4,0.42,0.4,0.06,60,1338
8,0.42,0.4,0.06,60,1339
16,0.42,0.4,0.06,60,1340
2,0.76,0.4,0.06,60,1341
4,0.76,0.4,0.06,60,1342
8,0.76,0.4,0.06,60,1343
16,0.76,0.4,0.06,60,1344
2,0.06,0.75,0.06,60,1345
4,0.06,0.75,0.06,60,1346
8,0.06,0.75,0.06,60,1347
16,0.06,0.75,0.06,60,1348
2,0.24,0.75,0.06,60,1349
4,0.24,0.75,0.06,60,1350
8,0.24,0.75,0.06,60,1351
16,0.24,0.75,0.06,60,1352
2,0.42,0.75,0.06,60,1353
4,0.42,0.75,0.06,60,1354
8,0.42,0.75,0.06,60,1355
16,0.42,0.75,0.06,60,1356
2,0.76,0.75,0.06,60,1357
4,0.76,0.75,0.06,60,1358
8,0.76,0.75,0.06,60,1359
16,0.76,0.75,0.06,60,1360
2,0.06,0.15,0.24,60,1361
4,0.06,0.15,0.24,60,1362
8,0.06,0.15,0.24,60,1363
16,0.06,0.15,0.24,60,1364
2,0.24,0.15,0.24,60,1365
4,0.24,0.15,0.24,60,1366
8,0.24,0.15,0.24,60,1367
16,0.24,0.15,0.24,60,1368
2,0.42,0.15,0.24,60,1369
4,0.42,0.15,0.24,60,1370
8,0.42,0.15,0.24,60,1371
16,0.42,0.15,0.24,60,1372
2,0.76,0.15,0.24,60,1373
4,0.76,0.15,0.24,60,1374
8,0.76,0.15,0.24,60,1375
16,0.76,0.15,0.24,60,1376
2,0.06,0.3,0.24,60,1377
4,0.06,0.3,0.24,60,1378
8,0.06,0.3,0.24,60,1379
16,0.06,0.3,0.24,60,1380
2,0.24,0.3,0.24,60,1381
4,0.24,0.3,0.24,60,1382
8,0.24,0.3,0.24,60,1383
16,0.24,0.3,0.24,60,1384
2,0.42,0.3,0.24,60,1385
4,0.42,0.3,0.24,60,1386
8,0.42,0.3,0.24,60,1387
16,0.42,0.3,0.24,60,1388
2,0.76,0.3,0.24,60,1389
4,0.76,0.3,0.24,60,1390
8,0.76,0.3,0.24,60,1391
16,0.76,0.3,0.24,60,1392
2,0.06,0.35,0.24,60,1393
4,0.06,0.35,0.24,60,1394
8,0.06,0.35,0.24,60,1395
16,0.06,0.35,0.24,60,1396
2,0.24,0.35,0.24,60,1397
4,0.24,0.35,0.24,60,1398
8,0.24,0.35,0.24,60,1399
16,0.24,0.35,0.24,60,1400
2,0.42,0.35,0.24,60,1401
4,0.42,0.35,0.24,60,1402
8,0.42,0.35,0.24,60,1403
16,0.42,0.35,0.24,60,1404
2,0.76,0.35,0.24,60,1405
4,0.76,0.35,0.24,60,1406
8,0.76,0.35,0.24,60,1407
16,0.76,0.35,0.24,60,1408
2,0.06,0.4,0.24,60,1409
4,0.06,0.4,0.24,60,1410
8,0.06,0.4,0.24,60,1411
16,0.06,0.4,0.24,60,1412
2,0.24,0.4,0.24,60,1413
4,0.24,0.4,0.24,60,1414
8,0.24,0.4,0.24,60,1415
16,0.24,0.4,0.24,60,1416
2,0.42,0.4,0.24,60,1417
4,0.42,0.4,0.24,60,1418
8,0.42,0.4,0.24,60,1419
16,0.42,0.4,0.24,60,1420
2,0.76,0.4,0.24,60,1421
4,0.76,0.4,0.24,60,1422
8,0.76,0.4,0.24,60,1423
16,0.76,0.4,0.24,60,1424
2,0.06,0.75,0.24,60,1425
4,0.06,0.75,0.24,60,1426
8,0.06,0.75,0.24,60,1427
16,0.06,0.75,0.24,60,1428
2,0.24,0.75,0.24,60,1429
4,0.24,0.75,0.24,60,1430
8,0.24,0.75,0.24,60,1431
16,0.24,0.75,0.24,60,1432
2,0.42,0.75,0.24,60,1433
4,0.42,0.75,0.24,60,1434
8,0.42,0.75,0.24,60,1435
16,0.42,0.75,0.24,60,1436
2,0.76,0.75,0.24,60,1437
4,0.76,0.75,0.24,60,1438
8,0.76,0.75,0.24,60,1439
16,0.76,0.75,0.24,60,1440
2,0.06,0.15,0.42,60,1441
4,0.06,0.15,0.42,60,1442
8,0.06,0.15,0.42,60,1443
16,0.06,0.15,0.42,60,1444
2,0.24,0.15,0.42,60,1445
4,0.24,0.15,0.42,60,1446
8,0.24,0.15,0.42,60,1447
16,0.24,0.15,0.42,60,1448
2,0.42,0.15,0.42,60,1449
4,0.42,0.15,0.42,60,1450
8,0.42,0.15,0.42,60,1451
16,0.42,0.15,0.42,60,1452
2,0.76,0.15,0.42,60,1453
4,0.76,0.15,0.42,60,1454
8,0.76,0.15,0.42,60,1455
16,0.76,0.15,0.42,60,1456
2,0.06,0.3,0.42,60,1457
4,0.06,0.3,0.42,60,1458
8,0.06,0.3,0.42,60,1459
16,0.06,0.3,0.42,60,1460
2,0.24,0.3,0.42,60,1461
4,0.24,0.3,0.42,60,1462
8,0.24,0.3,0.42,60,1463
16,0.24,0.3,0.42,60,1464
2,0.42,0.3,0.42,60,1465
4,0.42,0.3,0.42,60,1466
8,0.42,0.3,0.42,60,1467
16,0.42,0.3,0.42,60,1468
2,0.76,0.3,0.42,60,1469
4,0.76,0.3,0.42,60,1470
8,0.76,0.3,0.42,60,1471
16,0.76,0.3,0.42,60,1472
2,0.06,0.35,0.42,60,1473
4,0.06,0.35,0.42,60,1474
8,0.06,0.35,0.42,60,1475
16,0.06,0.35,0.42,60,1476
2,0.24,0.35,0.42,60,1477
4,0.24,0.35,0.42,60,1478
8,0.24,0.35,0.42,60,1479
16,0.24,0.35,0.42,60,1480
2,0.42,0.35,0.42,60,1481
4,0.42,0.35,0.42,60,1482
8,0.42,0.35,0.42,60,1483
16,0.42,0.35,0.42,60,1484
2,0.76,0.35,0.42,60,1485
4,0.76,0.35,0.42,60,1486
8,0.76,0.35,0.42,60,1487
16,0.76,0.35,0.42,60,1488
2,0.06,0.4,0.42,60,1489
4,0.06,0.4,0.42,60,1490
8,0.06,0.4,0.42,60,1491
16,0.06,0.4,0.42,60,1492
2,0.24,0.4,0.42,60,1493
4,0.24,0.4,0.42,60,1494
8,0.24,0.4,0.42,60,1495
16,0.24,0.4,0.42,60,1496
2,0.42,0.4,0.42,60,1497
4,0.42,0.4,0.42,60,1498
8,0.42,0.4,0.42,60,1499
16,0.42,0.4,0.42,60,1500
2,0.76,0.4,0.42,60,1501
4,0.76,0.4,0.42,60,1502
8,0.76,0.4,0.42,60,1503
16,0.76,0.4,0.42,60,1504
2,0.06,0.75,0.42,60,1505
4,0.06,0.75,0.42,60,1506
8,0.06,0.75,0.42,60,1507
16,0.06,0.75,0.42,60,1508
2,0.24,0.75,0.42,60,1509
4,0.24,0.75,0.42,60,1510
8,0.24,0.75,0.42,60,1511
16,0.24,0.75,0.42,60,1512
2,0.42,0.75,0.42,60,1513
4,0.42,0.75,0.42,60,1514
8,0.42,0.75,0.42,60,1515
16,0.42,0.75,0.42,60,1516
2,0.76,0.75,0.42,60,1517
4,0.76,0.75,0.42,60,1518
8,0.76,0.75,0.42,60,1519
16,0.76,0.75,0.42,60,1520
2,0.06,0.15,0.75,60,1521
4,0.06,0.15,0.75,60,1522
8,0.06,0.15,0.75,60,1523
16,0.06,0.15,0.75,60,1524
2,0.24,0.15,0.75,60,1525
4,0.24,0.15,0.75,60,1526
8,0.24,0.15,0.75,60,1527
16,0.24,0.15,0.75,60,1528
2,0.42,0.15,0.75,60,1529
4,0.42,0.15,0.75,60,1530
8,0.42,0.15,0.75,60,1531
16,0.42,0.15,0.75,60,1532
2,0.76,0.15,0.75,60,1533
4,0.76,0.15,0.75,60,1534
8,0.76,0.15,0.75,60,1535
16,0.76,0.15,0.75,60,1536
2,0.06,0.3,0.75,60,1537
4,0.06,0.3,0.75,60,1538
8,0.06,0.3,0.75,60,1539
16,0.06,0.3,0.75,60,1540
2,0.24,0.3,0.75,60,1541
4,0.24,0.3,0.75,60,1542
8,0.24,0.3,0.75,60,1543
16,0.24,0.3,0.75,60,1544
2,0.42,0.3,0.75,60,1545
4,0.42,0.3,0.75,60,1546
8,0.42,0.3,0.75,60,1547
16,0.42,0.3,0.75,60,1548
2,0.76,0.3,0.75,60,1549
4,0.76,0.3,0.75,60,1550
8,0.76,0.3,0.75,60,1551
16,0.76,0.3,0.75,60,1552
2,0.06,0.35,0.75,60,1553
4,0.06,0.35,0.75,60,1554
8,0.06,0.35,0.75,60,1555
16,0.06,0.35,0.75,60,1556
2,0.24,0.35,0.75,60,1557
4,0.24,0.35,0.75,60,1558
8,0.24,0.35,0.75,60,1559
16,0.24,0.35,0.75,60,1560
2,0.42,0.35,0.75,60,1561
4,0.42,0.35,0.75,60,1562
8,0.42,0.35,0.75,60,1563
16,0.42,0.35,0.75,60,1564
2,0.76,0.35,0.75,60,1565
4,0.76,0.35,0.75,60,1566
8,0.76,0.35,0.75,60,1567
16,0.76,0.35,0.75,60,1568
2,0.06,0.4,0.75,60,1569
4,0.06,0.4,0.75,60,1570
8,0.06,0.4,0.75,60,1571
16,0.06,0.4,0.75,60,1572
2,0.24,0.4,0.75,60,1573
4,0.24,0.4,0.75,60,1574
8,0.24,0.4,0.75,60,1575
16,0.24,0.4,0.75,60,1576
2,0.42,0.4,0.75,60,1577
4,0.42,0.4,0.75,60,1578
8,0.42,0.4,0.75,60,1579
16,0.42,0.4,0.75,60,1580
2,0.76,0.4,0.75,60,1581
4,0.76,0.4,0.75,60,1582
8,0.76,0.4,0.75,60,1583
16,0.76,0.4,0.75,60,1584
2,0.06,0.75,0.75,60,1585
4,0.06,0.75,0.75,60,1586
8,0.06,0.75,0.75,60,1587
16,0.06,0.75,0.75,60,1588
2,0.24,0.75,0.75,60,1589
4,0.24,0.75,0.75,60,1590
8,0.24,0.75,0.75,60,1591
16,0.24,0.75,0.75,60,1592
2,0.42,0.75,0.75,60,1593
4,0.42,0.75,0.75,60,1594
8,0.42,0.75,0.75,60,1595
16,0.42,0.75,0.75,60,1596
2,0.76,0.75,0.75,60,1597
4,0.76,0.75,0.75,60,1598
8,0.76,0.75,0.75,60,1599
16,0.76,0.75,0.75,60,1600
2,0.06,0.15,0.06,90,1601
4,0.06,0.15,0.06,90,1602
8,0.06,0.15,0.06,90,1603
16,0.06,0.15,0.06,90,1604
2,0.24,0.15,0.06,90,1605
4,0.24,0.15,0.06,90,1606
8,0.24,0.15,0.06,90,1607
16,0.24,0.15,0.06,90,1608
2,0.42,0.15,0.06,90,1609
4,0.42,0.15,0.06,90,1610
8,0.42,0.15,0.06,90,1611
16,0.42,0.15,0.06,90,1612
2,0.76,0.15,0.06,90,1613
4,0.76,0.15,0.06,90,1614
8,0.76,0.15,0.06,90,1615
16,0.76,0.15,0.06,90,1616
2,0.06,0.3,0.06,90,1617
4,0.06,0.3,0.06,90,1618
8,0.06,0.3,0.06,90,1619
16,0.06,0.3,0.06,90,1620
2,0.24,0.3,0.06,90,1621
4,0.24,0.3,0.06,90,1622
8,0.24,0.3,0.06,90,1623
16,0.24,0.3,0.06,90,1624
2,0.42,0.3,0.06,90,1625
4,0.42,0.3,0.06,90,1626
8,0.42,0.3,0.06,90,1627
16,0.42,0.3,0.06,90,1628
2,0.76,0.3,0.06,90,1629
4,0.76,0.3,0.06,90,1630
8,0.76,0.3,0.06,90,1631
16,0.76,0.3,0.06,90,1632
2,0.06,0.35,0.06,90,1633
4,0.06,0.35,0.06,90,1634
8,0.06,0.35,0.06,90,1635
16,0.06,0.35,0.06,90,1636
2,0.24,0.35,0.06,90,1637
4,0.24,0.35,0.06,90,1638
8,0.24,0.35,0.06,90,1639
16,0.24,0.35,0.06,90,1640
2,0.42,0.35,0.06,90,1641
4,0.42,0.35,0.06,90,1642
8,0.42,0.35,0.06,90,1643
16,0.42,0.35,0.06,90,1644
2,0.76,0.35,0.06,90,1645
4,0.76,0.35,0.06,90,1646
8,0.76,0.35,0.06,90,1647
16,0.76,0.35,0.06,90,1648
2,0.06,0.4,0.06,90,1649
4,0.06,0.4,0.06,90,1650
8,0.06,0.4,0.06,90,1651
16,0.06,0.4,0.06,90,1652
2,0.24,0.4,0.06,90,1653
4,0.24,0.4,0.06,90,1654
8,0.24,0.4,0.06,90,1655
16,0.24,0.4,0.06,90,1656
2,0.42,0.4,0.06,90,1657
4,0.42,0.4,0.06,90,1658
8,0.42,0.4,0.06,90,1659
16,0.42,0.4,0.06,90,1660
2,0.76,0.4,0.06,90,1661
4,0.76,0.4,0.06,90,1662
8,0.76,0.4,0.06,90,1663
16,0.76,0.4,0.06,90,1664
2,0.06,0.75,0.06,90,1665
4,0.06,0.75,0.06,90,1666
8,0.06,0.75,0.06,90,1667
16,0.06,0.75,0.06,90,1668
2,0.24,0.75,0.06,90,1669
4,0.24,0.75,0.06,90,1670
8,0.24,0.75,0.06,90,1671
16,0.24,0.75,0.06,90,1672
2,0.42,0.75,0.06,90,1673
4,0.42,0.75,0.06,90,1674
8,0.42,0.75,0.06,90,1675
16,0.42,0.75,0.06,90,1676
2,0.76,0.75,0.06,90,1677
4,0.76,0.75,0.06,90,1678
8,0.76,0.75,0.06,90,1679
16,0.76,0.75,0.06,90,1680
2,0.06,0.15,0.24,90,1681
4,0.06,0.15,0.24,90,1682
8,0.06,0.15,0.24,90,1683
16,0.06,0.15,0.24,90,1684
2,0.24,0.15,0.24,90,1685
4,0.24,0.15,0.24,90,1686
8,0.24,0.15,0.24,90,1687
16,0.24,0.15,0.24,90,1688
2,0.42,0.15,0.24,90,1689
4,0.42,0.15,0.24,90,1690
8,0.42,0.15,0.24,90,1691
16,0.42,0.15,0.24,90,1692
2,0.76,0.15,0.24,90,1693
4,0.76,0.15,0.24,90,1694
8,0.76,0.15,0.24,90,1695
16,0.76,0.15,0.24,90,1696
2,0.06,0.3,0.24,90,1697
4,0.06,0.3,0.24,90,1698
8,0.06,0.3,0.24,90,1699
16,0.06,0.3,0.24,90,1700
2,0.24,0.3,0.24,90,1701
4,0.24,0.3,0.24,90,1702
8,0.24,0.3,0.24,90,1703
16,0.24,0.3,0.24,90,1704
2,0.42,0.3,0.24,90,1705
4,0.42,0.3,0.24,90,1706
8,0.42,0.3,0.24,90,1707
16,0.42,0.3,0.24,90,1708
2,0.76,0.3,0.24,90,1709
4,0.76,0.3,0.24,90,1710
8,0.76,0.3,0.24,90,1711
16,0.76,0.3,0.24,90,1712
2,0.06,0.35,0.24,90,1713
4,0.06,0.35,0.24,90,1714
8,0.06,0.35,0.24,90,1715
16,0.06,0.35,0.24,90,1716
2,0.24,0.35,0.24,90,1717
4,0.24,0.35,0.24,90,1718
8,0.24,0.35,0.24,90,1719
16,0.24,0.35,0.24,90,1720
2,0.42,0.35,0.24,90,1721
4,0.42,0.35,0.24,90,1722
8,0.42,0.35,0.24,90,1723
16,0.42,0.35,0.24,90,1724
2,0.76,0.35,0.24,90,1725
4,0.76,0.35,0.24,90,1726
8,0.76,0.35,0.24,90,1727
16,0.76,0.35,0.24,90,1728
2,0.06,0.4,0.24,90,1729
4,0.06,0.4,0.24,90,1730
8,0.06,0.4,0.24,90,1731
16,0.06,0.4,0.24,90,1732
2,0.24,0.4,0.24,90,1733
4,0.24,0.4,0.24,90,1734
8,0.24,0.4,0.24,90,1735
16,0.24,0.4,0.24,90,1736
2,0.42,0.4,0.24,90,1737
4,0.42,0.4,0.24,90,1738
8,0.42,0.4,0.24,90,1739
16,0.42,0.4,0.24,90,1740
2,0.76,0.4,0.24,90,1741
4,0.76,0.4,0.24,90,1742
8,0.76,0.4,0.24,90,1743
16,0.76,0.4,0.24,90,1744
2,0.06,0.75,0.24,90,1745
4,0.06,0.75,0.24,90,1746
8,0.06,0.75,0.24,90,1747
16,0.06,0.75,0.24,90,1748
2,0.24,0.75,0.24,90,1749
4,0.24,0.75,0.24,90,1750
8,0.24,0.75,0.24,90,1751
16,0.24,0.75,0.24,90,1752
2,0.42,0.75,0.24,90,1753
4,0.42,0.75,0.24,90,1754
8,0.42,0.75,0.24,90,1755
16,0.42,0.75,0.24,90,1756
2,0.76,0.75,0.24,90,1757
4,0.76,0.75,0.24,90,1758
8,0.76,0.75,0.24,90,1759
16,0.76,0.75,0.24,90,1760
2,0.06,0.15,0.42,90,1761
4,0.06,0.15,0.42,90,1762
8,0.06,0.15,0.42,90,1763
16,0.06,0.15,0.42,90,1764
2,0.24,0.15,0.42,90,1765
4,0.24,0.15,0.42,90,1766
8,0.24,0.15,0.42,90,1767
16,0.24,0.15,0.42,90,1768
2,0.42,0.15,0.42,90,1769
4,0.42,0.15,0.42,90,1770
8,0.42,0.15,0.42,90,1771
16,0.42,0.15,0.42,90,1772
2,0.76,0.15,0.42,90,1773
4,0.76,0.15,0.42,90,1774
8,0.76,0.15,0.42,90,1775
16,0.76,0.15,0.42,90,1776
2,0.06,0.3,0.42,90,1777
4,0.06,0.3,0.42,90,1778
8,0.06,0.3,0.42,90,1779
16,0.06,0.3,0.42,90,1780
2,0.24,0.3,0.42,90,1781
4,0.24,0.3,0.42,90,1782
8,0.24,0.3,0.42,90,1783
16,0.24,0.3,0.42,90,1784
2,0.42,0.3,0.42,90,1785
4,0.42,0.3,0.42,90,1786
8,0.42,0.3,0.42,90,1787
16,0.42,0.3,0.42,90,1788
2,0.76,0.3,0.42,90,1789
4,0.76,0.3,0.42,90,1790
8,0.76,0.3,0.42,90,1791
16,0.76,0.3,0.42,90,1792
2,0.06,0.35,0.42,90,1793
4,0.06,0.35,0.42,90,1794
8,0.06,0.35,0.42,90,1795
16,0.06,0.35,0.42,90,1796
2,0.24,0.35,0.42,90,1797
4,0.24,0.35,0.42,90,1798
8,0.24,0.35,0.42,90,1799
16,0.24,0.35,0.42,90,1800
2,0.42,0.35,0.42,90,1801
4,0.42,0.35,0.42,90,1802
8,0.42,0.35,0.42,90,1803
16,0.42,0.35,0.42,90,1804
2,0.76,0.35,0.42,90,1805
4,0.76,0.35,0.42,90,1806
8,0.76,0.35,0.42,90,1807
16,0.76,0.35,0.42,90,1808
2,0.06,0.4,0.42,90,1809
4,0.06,0.4,0.42,90,1810
8,0.06,0.4,0.42,90,1811
16,0.06,0.4,0.42,90,1812
2,0.24,0.4,0.42,90,1813
4,0.24,0.4,0.42,90,1814
8,0.24,0.4,0.42,90,1815
16,0.24,0.4,0.42,90,1816
2,0.42,0.4,0.42,90,1817
4,0.42,0.4,0.42,90,1818
8,0.42,0.4,0.42,90,1819
16,0.42,0.4,0.42,90,1820
2,0.76,0.4,0.42,90,1821
4,0.76,0.4,0.42,90,1822
8,0.76,0.4,0.42,90,1823
16,0.76,0.4,0.42,90,1824
2,0.06,0.75,0.42,90,1825
4,0.06,0.75,0.42,90,1826
8,0.06,0.75,0.42,90,1827
16,0.06,0.75,0.42,90,1828
2,0.24,0.75,0.42,90,1829
4,0.24,0.75,0.42,90,1830
8,0.24,0.75,0.42,90,1831
16,0.24,0.75,0.42,90,1832
2,0.42,0.75,0.42,90,1833
4,0.42,0.75,0.42,90,1834
8,0.42,0.75,0.42,90,1835
16,0.42,0.75,0.42,90,1836
2,0.76,0.75,0.42,90,1837
4,0.76,0.75,0.42,90,1838
8,0.76,0.75,0.42,90,1839
16,0.76,0.75,0.42,90,1840
2,0.06,0.15,0.75,90,1841
4,0.06,0.15,0.75,90,1842
8,0.06,0.15,0.75,90,1843
16,0.06,0.15,0.75,90,1844
2,0.24,0.15,0.75,90,1845
4,0.24,0.15,0.75,90,1846
8,0.24,0.15,0.75,90,1847
16,0.24,0.15,0.75,90,1848
2,0.42,0.15,0.75,90,1849
4,0.42,0.15,0.75,90,1850
8,0.42,0.15,0.75,90,1851
16,0.42,0.15,0.75,90,1852
2,0.76,0.15,0.75,90,1853
4,0.76,0.15,0.75,90,1854
8,0.76,0.15,0.75,90,1855
16,0.76,0.15,0.75,90,1856
2,0.06,0.3,0.75,90,1857
4,0.06,0.3,0.75,90,1858
8,0.06,0.3,0.75,90,1859
16,0.06,0.3,0.75,90,1860
2,0.24,0.3,0.75,90,1861
4,0.24,0.3,0.75,90,1862
8,0.24,0.3,0.75,90,1863
16,0.24,0.3,0.75,90,1864
2,0.42,0.3,0.75,90,1865
4,0.42,0.3,0.75,90,1866
8,0.42,0.3,0.75,90,1867
16,0.42,0.3,0.75,90,1868
2,0.76,0.3,0.75,90,1869
4,0.76,0.3,0.75,90,1870
8,0.76,0.3,0.75,90,1871
16,0.76,0.3,0.75,90,1872
2,0.06,0.35,0.75,90,1873
4,0.06,0.35,0.75,90,1874
8,0.06,0.35,0.75,90,1875
16,0.06,0.35,0.75,90,1876
2,0.24,0.35,0.75,90,1877
4,0.24,0.35,0.75,90,1878
8,0.24,0.35,0.75,90,1879
16,0.24,0.35,0.75,90,1880
2,0.42,0.35,0.75,90,1881
4,0.42,0.35,0.75,90,1882
8,0.42,0.35,0.75,90,1883
16,0.42,0.35,0.75,90,1884
2,0.76,0.35,0.75,90,1885
4,0.76,0.35,0.75,90,1886
8,0.76,0.35,0.75,90,1887
16,0.76,0.35,0.75,90,1888
2,0.06,0.4,0.75,90,1889
4,0.06,0.4,0.75,90,1890
8,0.06,0.4,0.75,90,1891
16,0.06,0.4,0.75,90,1892
2,0.24,0.4,0.75,90,1893
4,0.24,0.4,0.75,90,1894
8,0.24,0.4,0.75,90,1895
16,0.24,0.4,0.75,90,1896
2,0.42,0.4,0.75,90,1897
4,0.42,0.4,0.75,90,1898
8,0.42,0.4,0.75,90,1899
16,0.42,0.4,0.75,90,1900
2,0.76,0.4,0.75,90,1901
4,0.76,0.4,0.75,90,1902
8,0.76,0.4,0.75,90,1903
16,0.76,0.4,0.75,90,1904
2,0.06,0.75,0.75,90,1905
4,0.06,0.75,0.75,90,1906
8,0.06,0.75,0.75,90,1907
16,0.06,0.75,0.75,90,1908
2,0.24,0.75,0.75,90,1909
4,0.24,0.75,0.75,90,1910
8,0.24,0.75,0.75,90,1911
16,0.24,0.75,0.75,90,1912
2,0.42,0.75,0.75,90,1913
4,0.42,0.75,0.75,90,1914
8,0.42,0.75,0.75,90,1915
16,0.42,0.75,0.75,90,1916
2,0.76,0.75,0.75,90,1917
4,0.76,0.75,0.75,90,1918
8,0.76,0.75,0.75,90,1919
16,0.76,0.75,0.75,90,1920
2,0.06,0.15,0.06,120,1921
4,0.06,0.15,0.06,120,1922
8,0.06,0.15,0.06,120,1923
16,0.06,0.15,0.06,120,1924
2,0.24,0.15,0.06,120,1925
4,0.24,0.15,0.06,120,1926
8,0.24,0.15,0.06,120,1927
16,0.24,0.15,0.06,120,1928
2,0.42,0.15,0.06,120,1929
4,0.42,0.15,0.06,120,1930
8,0.42,0.15,0.06,120,1931
16,0.42,0.15,0.06,120,1932
2,0.76,0.15,0.06,120,1933
4,0.76,0.15,0.06,120,1934
8,0.76,0.15,0.06,120,1935
16,0.76,0.15,0.06,120,1936
2,0.06,0.3,0.06,120,1937
4,0.06,0.3,0.06,120,1938
8,0.06,0.3,0.06,120,1939
16,0.06,0.3,0.06,120,1940
2,0.24,0.3,0.06,120,1941
4,0.24,0.3,0.06,120,1942
8,0.24,0.3,0.06,120,1943
16,0.24,0.3,0.06,120,1944
2,0.42,0.3,0.06,120,1945
4,0.42,0.3,0.06,120,1946
8,0.42,0.3,0.06,120,1947
16,0.42,0.3,0.06,120,1948
2,0.76,0.3,0.06,120,1949
4,0.76,0.3,0.06,120,1950
8,0.76,0.3,0.06,120,1951
16,0.76,0.3,0.06,120,1952
2,0.06,0.35,0.06,120,1953
4,0.06,0.35,0.06,120,1954
8,0.06,0.35,0.06,120,1955
16,0.06,0.35,0.06,120,1956
2,0.24,0.35,0.06,120,1957
4,0.24,0.35,0.06,120,1958
8,0.24,0.35,0.06,120,1959
16,0.24,0.35,0.06,120,1960
2,0.42,0.35,0.06,120,1961
4,0.42,0.35,0.06,120,1962
8,0.42,0.35,0.06,120,1963
16,0.42,0.35,0.06,120,1964
2,0.76,0.35,0.06,120,1965
4,0.76,0.35,0.06,120,1966
8,0.76,0.35,0.06,120,1967
16,0.76,0.35,0.06,120,1968
2,0.06,0.4,0.06,120,1969
4,0.06,0.4,0.06,120,1970
8,0.06,0.4,0.06,120,1971
16,0.06,0.4,0.06,120,1972
2,0.24,0.4,0.06,120,1973
4,0.24,0.4,0.06,120,1974
8,0.24,0.4,0.06,120,1975
16,0.24,0.4,0.06,120,1976
2,0.42,0.4,0.06,120,1977
4,0.42,0.4,0.06,120,1978
8,0.42,0.4,0.06,120,1979
16,0.42,0.4,0.06,120,1980
2,0.76,0.4,0.06,120,1981
4,0.76,0.4,0.06,120,1982
8,0.76,0.4,0.06,120,1983
16,0.76,0.4,0.06,120,1984
2,0.06,0.75,0.06,120,1985
4,0.06,0.75,0.06,120,1986
8,0.06,0.75,0.06,120,1987
16,0.06,0.75,0.06,120,1988
2,0.24,0.75,0.06,120,1989
4,0.24,0.75,0.06,120,1990
8,0.24,0.75,0.06,120,1991
16,0.24,0.75,0.06,120,1992
2,0.42,0.75,0.06,120,1993
4,0.42,0.75,0.06,120,1994
8,0.42,0.75,0.06,120,1995
16,0.42,0.75,0.06,120,1996
2,0.76,0.75,0.06,120,1997
4,0.76,0.75,0.06,120,1998
8,0.76,0.75,0.06,120,1999
16,0.76,0.75,0.06,120,2000
2,0.06,0.15,0.24,120,2001
4,0.06,0.15,0.24,120,2002
8,0.06,0.15,0.24,120,2003
16,0.06,0.15,0.24,120,2004
2,0.24,0.15,0.24,120,2005
4,0.24,0.15,0.24,120,2006
8,0.24,0.15,0.24,120,2007
16,0.24,0.15,0.24,120,2008
2,0.42,0.15,0.24,120,2009
4,0.42,0.15,0.24,120,2010
8,0.42,0.15,0.24,120,2011
16,0.42,0.15,0.24,120,2012
2,0.76,0.15,0.24,120,2013
4,0.76,0.15,0.24,120,2014
8,0.76,0.15,0.24,120,2015
16,0.76,0.15,0.24,120,2016
2,0.06,0.3,0.24,120,2017
4,0.06,0.3,0.24,120,2018
8,0.06,0.3,0.24,120,2019
16,0.06,0.3,0.24,120,2020
2,0.24,0.3,0.24,120,2021
4,0.24,0.3,0.24,120,2022
8,0.24,0.3,0.24,120,2023
16,0.24,0.3,0.24,120,2024
2,0.42,0.3,0.24,120,2025
4,0.42,0.3,0.24,120,2026
8,0.42,0.3,0.24,120,2027
16,0.42,0.3,0.24,120,2028
2,0.76,0.3,0.24,120,2029
4,0.76,0.3,0.24,120,2030
8,0.76,0.3,0.24,120,2031
16,0.76,0.3,0.24,120,2032
2,0.06,0.35,0.24,120,2033
4,0.06,0.35,0.24,120,2034
8,0.06,0.35,0.24,120,2035
16,0.06,0.35,0.24,120,2036
2,0.24,0.35,0.24,120,2037
4,0.24,0.35,0.24,120,2038
8,0.24,0.35,0.24,120,2039
16,0.24,0.35,0.24,120,2040
2,0.42,0.35,0.24,120,2041
4,0.42,0.35,0.24,120,2042
8,0.42,0.35,0.24,120,2043
16,0.42,0.35,0.24,120,2044
2,0.76,0.35,0.24,120,2045
4,0.76,0.35,0.24,120,2046
8,0.76,0.35,0.24,120,2047
16,0.76,0.35,0.24,120,2048
2,0.06,0.4,0.24,120,2049
4,0.06,0.4,0.24,120,2050
8,0.06,0.4,0.24,120,2051
16,0.06,0.4,0.24,120,2052
2,0.24,0.4,0.24,120,2053
4,0.24,0.4,0.24,120,2054
8,0.24,0.4,0.24,120,2055
16,0.24,0.4,0.24,120,2056
2,0.42,0.4,0.24,120,2057
4,0.42,0.4,0.24,120,2058
8,0.42,0.4,0.24,120,2059
16,0.42,0.4,0.24,120,2060
2,0.76,0.4,0.24,120,2061
4,0.76,0.4,0.24,120,2062
8,0.76,0.4,0.24,120,2063
16,0.76,0.4,0.24,120,2064
2,0.06,0.75,0.24,120,2065
4,0.06,0.75,0.24,120,2066
8,0.06,0.75,0.24,120,2067
16,0.06,0.75,0.24,120,2068
2,0.24,0.75,0.24,120,2069
4,0.24,0.75,0.24,120,2070
8,0.24,0.75,0.24,120,2071
16,0.24,0.75,0.24,120,2072
2,0.42,0.75,0.24,120,2073
4,0.42,0.75,0.24,120,2074
8,0.42,0.75,0.24,120,2075
16,0.42,0.75,0.24,120,2076
2,0.76,0.75,0.24,120,2077
4,0.76,0.75,0.24,120,2078
8,0.76,0.75,0.24,120,2079
16,0.76,0.75,0.24,120,2080
2,0.06,0.15,0.42,120,2081
4,0.06,0.15,0.42,120,2082
8,0.06,0.15,0.42,120,2083
16,0.06,0.15,0.42,120,2084
2,0.24,0.15,0.42,120,2085
4,0.24,0.15,0.42,120,2086
8,0.24,0.15,0.42,120,2087
16,0.24,0.15,0.42,120,2088
2,0.42,0.15,0.42,120,2089
4,0.42,0.15,0.42,120,2090
8,0.42,0.15,0.42,120,2091
16,0.42,0.15,0.42,120,2092
2,0.76,0.15,0.42,120,2093
4,0.76,0.15,0.42,120,2094
8,0.76,0.15,0.42,120,2095
16,0.76,0.15,0.42,120,2096
2,0.06,0.3,0.42,120,2097
4,0.06,0.3,0.42,120,2098
8,0.06,0.3,0.42,120,2099
16,0.06,0.3,0.42,120,2100
2,0.24,0.3,0.42,120,2101
4,0.24,0.3,0.42,120,2102
8,0.24,0.3,0.42,120,2103
16,0.24,0.3,0.42,120,2104
2,0.42,0.3,0.42,120,2105
4,0.42,0.3,0.42,120,2106
8,0.42,0.3,0.42,120,2107
16,0.42,0.3,0.42,120,2108
2,0.76,0.3,0.42,120,2109
4,0.76,0.3,0.42,120,2110
8,0.76,0.3,0.42,120,2111
16,0.76,0.3,0.42,120,2112
2,0.06,0.35,0.42,120,2113
4,0.06,0.35,0.42,120,2114
8,0.06,0.35,0.42,120,2115
16,0.06,0.35,0.42,120,2116
2,0.24,0.35,0.42,120,2117
4,0.24,0.35,0.42,120,2118
8,0.24,0.35,0.42,120,2119
16,0.24,0.35,0.42,120,2120
2,0.42,0.35,0.42,120,2121
4,0.42,0.35,0.42,120,2122
8,0.42,0.35,0.42,120,2123
16,0.42,0.35,0.42,120,2124
2,0.76,0.35,0.42,120,2125
4,0.76,0.35,0.42,120,2126
8,0.76,0.35,0.42,120,2127
16,0.76,0.35,0.42,120,2128
2,0.06,0.4,0.42,120,2129
4,0.06,0.4,0.42,120,2130
8,0.06,0.4,0.42,120,2131
16,0.06,0.4,0.42,120,2132
2,0.24,0.4,0.42,120,2133
4,0.24,0.4,0.42,120,2134
8,0.24,0.4,0.42,120,2135
16,0.24,0.4,0.42,120,2136
2,0.42,0.4,0.42,120,2137
4,0.42,0.4,0.42,120,2138
8,0.42,0.4,0.42,120,2139
16,0.42,0.4,0.42,120,2140
2,0.76,0.4,0.42,120,2141
4,0.76,0.4,0.42,120,2142
8,0.76,0.4,0.42,120,2143
16,0.76,0.4,0.42,120,2144
2,0.06,0.75,0.42,120,2145
4,0.06,0.75,0.42,120,2146
8,0.06,0.75,0.42,120,2147
16,0.06,0.75,0.42,120,2148
2,0.24,0.75,0.42,120,2149
4,0.24,0.75,0.42,120,2150
8,0.24,0.75,0.42,120,2151
16,0.24,0.75,0.42,120,2152
2,0.42,0.75,0.42,120,2153
4,0.42,0.75,0.42,120,2154
8,0.42,0.75,0.42,120,2155
16,0.42,0.75,0.42,120,2156
2,0.76,0.75,0.42,120,2157
4,0.76,0.75,0.42,120,2158
8,0.76,0.75,0.42,120,2159
16,0.76,0.75,0.42,120,2160
2,0.06,0.15,0.75,120,2161
4,0.06,0.15,0.75,120,2162
8,0.06,0.15,0.75,120,2163
16,0.06,0.15,0.75,120,2164
2,0.24,0.15,0.75,120,2165
4,0.24,0.15,0.75,120,2166
8,0.24,0.15,0.75,120,2167
16,0.24,0.15,0.75,120,2168
2,0.42,0.15,0.75,120,2169
4,0.42,0.15,0.75,120,2170
8,0.42,0.15,0.75,120,2171
16,0.42,0.15,0.75,120,2172
2,0.76,0.15,0.75,120,2173
4,0.76,0.15,0.75,120,2174
8,0.76,0.15,0.75,120,2175
16,0.76,0.15,0.75,120,2176
2,0.06,0.3,0.75,120,2177
4,0.06,0.3,0.75,120,2178
8,0.06,0.3,0.75,120,2179
16,0.06,0.3,0.75,120,2180
2,0.24,0.3,0.75,120,2181
4,0.24,0.3,0.75,120,2182
8,0.24,0.3,0.75,120,2183
16,0.24,0.3,0.75,120,2184
2,0.42,0.3,0.75,120,2185
4,0.42,0.3,0.75,120,2186
8,0.42,0.3,0.75,120,2187
16,0.42,0.3,0.75,120,2188
2,0.76,0.3,0.75,120,2189
4,0.76,0.3,0.75,120,2190
8,0.76,0.3,0.75,120,2191
16,0.76,0.3,0.75,120,2192
2,0.06,0.35,0.75,120,2193
4,0.06,0.35,0.75,120,2194
8,0.06,0.35,0.75,120,2195
16,0.06,0.35,0.75,120,2196
2,0.24,0.35,0.75,120,2197
4,0.24,0.35,0.75,120,2198
8,0.24,0.35,0.75,120,2199
16,0.24,0.35,0.75,120,2200
2,0.42,0.35,0.75,120,2201
4,0.42,0.35,0.75,120,2202
8,0.42,0.35,0.75,120,2203
16,0.42,0.35,0.75,120,2204
2,0.76,0.35,0.75,120,2205
4,0.76,0.35,0.75,120,2206
8,0.76,0.35,0.75,120,2207
16,0.76,0.35,0.75,120,2208
2,0.06,0.4,0.75,120,2209
4,0.06,0.4,0.75,120,2210
8,0.06,0.4,0.75,120,2211
16,0.06,0.4,0.75,120,2212
2,0.24,0.4,0.75,120,2213
4,0.24,0.4,0.75,120,2214
8,0.24,0.4,0.75,120,2215
16,0.24,0.4,0.75,120,2216
2,0.42,0.4,0.75,120,2217
4,0.42,0.4,0.75,120,2218
8,0.42,0.4,0.75,120,2219
16,0.42,0.4,0.75,120,2220
2,0.76,0.4,0.75,120,2221
4,0.76,0.4,0.75,120,2222
8,0.76,0.4,0.75,120,2223
16,0.76,0.4,0.75,120,2224
2,0.06,0.75,0.75,120,2225
4,0.06,0.75,0.75,120,2226
8,0.06,0.75,0.75,120,2227
16,0.06,0.75,0.75,120,2228
2,0.24,0.75,0.75,120,2229
4,0.24,0.75,0.75,120,2230
8,0.24,0.75,0.75,120,2231
16,0.24,0.75,0.75,120,2232
2,0.42,0.75,0.75,120,2233
4,0.42,0.75,0.75,120,2234
8,0.42,0.75,0.75,120,2235
16,0.42,0.75,0.75,120,2236
2,0.76,0.75,0.75,120,2237
4,0.76,0.75,0.75,120,2238
8,0.76,0.75,0.75,120,2239
16,0.76,0.75,0.75,120,2240
